codigo_mes,mes,codigo_ca,comunidad_autonoma,codigo_provincia,provincia,codigo_municipio,municipio,total_paro_registrado,Paro_hombre_edad___25,Paro_hombre_edad_25__45,Paro_hombre_edad___45,Paro_mujer_edad___25,Paro_mujer_edad_25__45,Paro_mujer_edad___45,Paro_Agricultura,Paro_Industria,Paro_Construcci__n,Paro_Servicios,Paro_Sin_empleo_Anterior
201801,Enero de 2018,12,Galicia,27,Lugo,27019,Foz,543,9,97,112,9,173,143,23,42,53,398,27
201802,Febrero de 2018,12,Galicia,27,Lugo,27019,Foz,543,12,97,106,9,168,151,24,40,50,399,30
201803,Marzo de 2018,12,Galicia,27,Lugo,27019,Foz,508,6,83,105,7,162,145,21,34,50,373,30
201804,Abril de 2018,12,Galicia,27,Lugo,27019,Foz,507,7,79,109,9,160,143,18,29,48,383,29
201805,Mayo de 2018,12,Galicia,27,Lugo,27019,Foz,490,8,78,101,8,152,143,16,29,41,373,31
201806,Junio de 2018,12,Galicia,27,Lugo,27019,Foz,458,10,68,97,6,145,132,17,34,41,341,25
201807,Julio de 2018,12,Galicia,27,Lugo,27019,Foz,431,9,61,91,5,135,130,18,35,37,313,28
201808,Agosto de 2018,12,Galicia,27,Lugo,27019,Foz,433,9,70,88,9,128,129,16,42,40,308,27
201809,Septiembre de 2018,12,Galicia,27,Lugo,27019,Foz,464,16,72,88,11,143,134,15,44,36,339,30
201810,Octubre de 2018,12,Galicia,27,Lugo,27019,Foz,513,18,91,91,16,149,148,15,46,38,384,30
201811,Noviembre de 2018,12,Galicia,27,Lugo,27019,Foz,537,20,97,99,18,154,149,17,43,40,409,28
201812,Diciembre de 2018,12,Galicia,27,Lugo,27019,Foz,508,15,85,96,17,150,145,19,36,42,381,30
201801,Enero de 2018,12,Galicia,27,Lugo,27046,Pol,51,0,10,13,1,20,7,3,5,6,31,6
201802,Febrero de 2018,12,Galicia,27,Lugo,27046,Pol,52,0,12,10,1,21,8,5,4,5,31,7
201803,Marzo de 2018,12,Galicia,27,Lugo,27046,Pol,49,0,10,12,1,19,7,4,3,5,30,7
201804,Abril de 2018,12,Galicia,27,Lugo,27046,Pol,51,0,11,10,2,19,9,3,4,6,31,7
201805,Mayo de 2018,12,Galicia,27,Lugo,27046,Pol,45,0,7,11,1,17,9,2,4,5,28,6
201806,Junio de 2018,12,Galicia,27,Lugo,27046,Pol,45,0,6,11,2,16,10,2,2,5,30,6
201807,Julio de 2018,12,Galicia,27,Lugo,27046,Pol,47,0,7,11,2,17,10,1,3,4,33,6
201808,Agosto de 2018,12,Galicia,27,Lugo,27046,Pol,47,1,6,11,2,19,8,1,3,4,32,7
201809,Septiembre de 2018,12,Galicia,27,Lugo,27046,Pol,46,0,10,10,1,16,9,2,4,2,32,6
201810,Octubre de 2018,12,Galicia,27,Lugo,27046,Pol,43,0,7,9,1,16,10,2,3,2,30,6
201811,Noviembre de 2018,12,Galicia,27,Lugo,27046,Pol,45,1,7,11,0,18,8,2,4,1,32,6
201812,Diciembre de 2018,12,Galicia,27,Lugo,27046,Pol,41,1,9,9,0,15,7,1,4,1,30,5
201801,Enero de 2018,12,Galicia,27,Lugo,27028,Lugo,6592,192,1319,1358,179,1912,1632,223,365,569,4714,721
201802,Febrero de 2018,12,Galicia,27,Lugo,27028,Lugo,6574,194,1284,1367,186,1902,1641,213,363,568,4699,731
201803,Marzo de 2018,12,Galicia,27,Lugo,27028,Lugo,6566,194,1263,1378,203,1863,1665,211,369,564,4664,758
201804,Abril de 2018,12,Galicia,27,Lugo,27028,Lugo,6469,192,1220,1363,191,1850,1653,203,345,551,4593,777
201805,Mayo de 2018,12,Galicia,27,Lugo,27028,Lugo,6214,162,1159,1337,177,1784,1595,193,341,513,4448,719
201806,Junio de 2018,12,Galicia,27,Lugo,27028,Lugo,6160,162,1136,1330,161,1744,1627,189,352,522,4373,724
201807,Julio de 2018,12,Galicia,27,Lugo,27028,Lugo,6053,179,1093,1264,169,1755,1593,161,348,487,4321,736
201808,Agosto de 2018,12,Galicia,27,Lugo,27028,Lugo,6040,165,1099,1237,172,1777,1590,154,350,467,4338,731
201809,Septiembre de 2018,12,Galicia,27,Lugo,27028,Lugo,6161,171,1114,1238,186,1837,1615,151,360,447,4462,741
201810,Octubre de 2018,12,Galicia,27,Lugo,27028,Lugo,6001,176,1106,1220,187,1769,1543,164,336,456,4339,706
201811,Noviembre de 2018,12,Galicia,27,Lugo,27028,Lugo,5971,173,1096,1242,185,1734,1541,179,327,470,4295,700
201812,Diciembre de 2018,12,Galicia,27,Lugo,27028,Lugo,5866,181,1126,1247,173,1669,1470,197,335,488,4144,702
201801,Enero de 2018,12,Galicia,27,Lugo,27025,Xove,120,1,21,13,3,50,32,4,8,8,91,9
201802,Febrero de 2018,12,Galicia,27,Lugo,27025,Xove,126,3,22,16,2,53,30,5,8,8,96,9
201803,Marzo de 2018,12,Galicia,27,Lugo,27025,Xove,132,6,22,19,3,56,26,4,11,10,97,10
201804,Abril de 2018,12,Galicia,27,Lugo,27025,Xove,124,4,18,18,2,55,27,4,11,8,94,7
201805,Mayo de 2018,12,Galicia,27,Lugo,27025,Xove,120,4,18,15,1,55,27,4,8,7,96,5
201806,Junio de 2018,12,Galicia,27,Lugo,27025,Xove,117,4,18,14,2,53,26,3,5,8,94,7
201807,Julio de 2018,12,Galicia,27,Lugo,27025,Xove,100,2,13,11,2,45,27,5,4,6,77,8
201808,Agosto de 2018,12,Galicia,27,Lugo,27025,Xove,97,3,13,9,3,46,23,4,3,7,76,7
201809,Septiembre de 2018,12,Galicia,27,Lugo,27025,Xove,117,3,14,15,3,52,30,6,4,5,96,6
201810,Octubre de 2018,12,Galicia,27,Lugo,27025,Xove,115,1,17,15,1,47,34,6,4,7,91,7
201811,Noviembre de 2018,12,Galicia,27,Lugo,27025,Xove,107,0,19,9,1,42,36,5,5,7,83,7
201812,Diciembre de 2018,12,Galicia,27,Lugo,27025,Xove,104,0,21,12,2,38,31,6,5,7,79,7
201801,Enero de 2018,12,Galicia,27,Lugo,27002,Alfoz,73,2,19,18,2,20,12,2,10,7,53,1
201802,Febrero de 2018,12,Galicia,27,Lugo,27002,Alfoz,73,2,17,18,4,19,13,1,12,7,52,1
201803,Marzo de 2018,12,Galicia,27,Lugo,27002,Alfoz,70,2,16,17,3,17,15,2,12,6,49,1
201804,Abril de 2018,12,Galicia,27,Lugo,27002,Alfoz,69,1,12,18,5,19,14,1,12,8,47,1
201805,Mayo de 2018,12,Galicia,27,Lugo,27002,Alfoz,61,1,9,18,2,19,12,2,10,8,40,1
201806,Junio de 2018,12,Galicia,27,Lugo,27002,Alfoz,57,1,11,15,1,17,12,1,9,8,37,2
201807,Julio de 2018,12,Galicia,27,Lugo,27002,Alfoz,50,1,9,13,0,14,13,0,7,8,33,2
201808,Agosto de 2018,12,Galicia,27,Lugo,27002,Alfoz,49,0,9,14,0,14,12,0,5,8,34,2
201809,Septiembre de 2018,12,Galicia,27,Lugo,27002,Alfoz,56,0,11,18,1,12,14,1,6,11,36,2
201810,Octubre de 2018,12,Galicia,27,Lugo,27002,Alfoz,48,2,10,14,1,9,12,1,3,9,33,2
201811,Noviembre de 2018,12,Galicia,27,Lugo,27002,Alfoz,50,1,8,13,1,13,14,1,2,7,38,2
201812,Diciembre de 2018,12,Galicia,27,Lugo,27002,Alfoz,52,1,12,14,2,10,13,2,4,7,37,2
201801,Enero de 2018,12,Galicia,27,Lugo,27013,Cervo,189,3,38,27,3,64,54,4,22,18,138,7
201802,Febrero de 2018,12,Galicia,27,Lugo,27013,Cervo,183,4,33,29,6,58,53,4,20,16,136,7
201803,Marzo de 2018,12,Galicia,27,Lugo,27013,Cervo,179,4,32,29,5,55,54,4,20,15,134,6
201804,Abril de 2018,12,Galicia,27,Lugo,27013,Cervo,181,5,35,28,4,59,50,5,19,15,137,5
201805,Mayo de 2018,12,Galicia,27,Lugo,27013,Cervo,174,2,25,28,4,61,54,5,18,14,131,6
201806,Junio de 2018,12,Galicia,27,Lugo,27013,Cervo,173,2,27,28,4,59,53,5,17,11,136,4
201807,Julio de 2018,12,Galicia,27,Lugo,27013,Cervo,147,1,25,25,3,47,46,4,17,10,110,6
201808,Agosto de 2018,12,Galicia,27,Lugo,27013,Cervo,145,0,26,22,2,52,43,4,20,9,106,6
201809,Septiembre de 2018,12,Galicia,27,Lugo,27013,Cervo,156,1,29,24,2,53,47,4,24,11,109,8
201810,Octubre de 2018,12,Galicia,27,Lugo,27013,Cervo,156,1,25,25,2,53,50,5,20,7,118,6
201811,Noviembre de 2018,12,Galicia,27,Lugo,27013,Cervo,144,1,29,22,3,44,45,3,19,9,107,6
201812,Diciembre de 2018,12,Galicia,27,Lugo,27013,Cervo,155,1,34,24,2,45,49,3,18,12,116,6
201801,Enero de 2018,12,Galicia,27,Lugo,27020,Friol,138,2,25,56,1,30,24,12,18,22,79,7
201802,Febrero de 2018,12,Galicia,27,Lugo,27020,Friol,133,5,20,56,0,29,23,11,17,23,74,8
201803,Marzo de 2018,12,Galicia,27,Lugo,27020,Friol,138,4,17,58,1,34,24,8,16,20,85,9
201804,Abril de 2018,12,Galicia,27,Lugo,27020,Friol,140,3,19,55,1,36,26,9,18,19,85,9
201805,Mayo de 2018,12,Galicia,27,Lugo,27020,Friol,127,3,13,55,0,30,26,9,15,18,75,10
201806,Junio de 2018,12,Galicia,27,Lugo,27020,Friol,134,4,16,55,1,32,26,10,15,18,81,10
201807,Julio de 2018,12,Galicia,27,Lugo,27020,Friol,128,2,19,50,0,31,26,8,12,17,83,8
201808,Agosto de 2018,12,Galicia,27,Lugo,27020,Friol,123,1,18,49,0,31,24,8,13,17,79,6
201809,Septiembre de 2018,12,Galicia,27,Lugo,27020,Friol,127,2,15,54,0,36,20,8,12,18,80,9
201810,Octubre de 2018,12,Galicia,27,Lugo,27020,Friol,126,4,20,49,1,34,18,10,9,16,81,10
201811,Noviembre de 2018,12,Galicia,27,Lugo,27020,Friol,127,1,23,54,1,31,17,8,13,18,79,9
201812,Diciembre de 2018,12,Galicia,27,Lugo,27020,Friol,137,2,22,62,3,33,15,11,13,21,81,11
201801,Enero de 2018,12,Galicia,27,Lugo,27029,Meira,57,2,11,11,0,23,10,4,5,4,40,4
201802,Febrero de 2018,12,Galicia,27,Lugo,27029,Meira,57,1,15,10,0,21,10,4,6,4,39,4
201803,Marzo de 2018,12,Galicia,27,Lugo,27029,Meira,56,1,13,11,0,22,9,4,7,4,37,4
201804,Abril de 2018,12,Galicia,27,Lugo,27029,Meira,58,0,14,13,0,21,10,5,8,4,37,4
201805,Mayo de 2018,12,Galicia,27,Lugo,27029,Meira,56,1,11,15,0,20,9,5,6,5,37,3
201806,Junio de 2018,12,Galicia,27,Lugo,27029,Meira,55,1,12,15,0,20,7,6,4,5,37,3
201807,Julio de 2018,12,Galicia,27,Lugo,27029,Meira,43,1,10,11,0,14,7,4,3,4,29,3
201808,Agosto de 2018,12,Galicia,27,Lugo,27029,Meira,44,1,9,11,0,16,7,3,4,6,28,3
201809,Septiembre de 2018,12,Galicia,27,Lugo,27029,Meira,49,1,14,10,1,16,7,4,3,7,31,4
201810,Octubre de 2018,12,Galicia,27,Lugo,27029,Meira,49,1,14,10,2,15,7,4,4,6,32,3
201811,Noviembre de 2018,12,Galicia,27,Lugo,27029,Meira,53,2,13,14,2,13,9,6,4,6,34,3
201812,Diciembre de 2018,12,Galicia,27,Lugo,27029,Meira,51,1,12,14,1,14,9,3,4,7,34,3
201801,Enero de 2018,12,Galicia,27,Lugo,27033,Muras,22,0,6,12,0,2,2,1,1,5,14,1
201802,Febrero de 2018,12,Galicia,27,Lugo,27033,Muras,26,1,6,13,0,2,4,1,4,5,15,1
201803,Marzo de 2018,12,Galicia,27,Lugo,27033,Muras,28,1,6,13,0,3,5,1,4,5,17,1
201804,Abril de 2018,12,Galicia,27,Lugo,27033,Muras,28,0,8,11,0,6,3,1,6,3,17,1
201805,Mayo de 2018,12,Galicia,27,Lugo,27033,Muras,24,0,9,8,0,5,2,0,6,4,13,1
201806,Junio de 2018,12,Galicia,27,Lugo,27033,Muras,18,0,5,6,0,5,2,0,3,4,10,1
201807,Julio de 2018,12,Galicia,27,Lugo,27033,Muras,14,0,2,6,0,2,4,0,2,4,8,0
201808,Agosto de 2018,12,Galicia,27,Lugo,27033,Muras,15,0,2,5,0,4,4,0,2,3,10,0
201809,Septiembre de 2018,12,Galicia,27,Lugo,27033,Muras,16,0,4,5,0,4,3,1,2,3,10,0
201810,Octubre de 2018,12,Galicia,27,Lugo,27033,Muras,15,0,3,5,0,3,4,1,3,2,9,0
201811,Noviembre de 2018,12,Galicia,27,Lugo,27033,Muras,17,0,3,8,0,2,4,1,2,2,12,0
201812,Diciembre de 2018,12,Galicia,27,Lugo,27033,Muras,16,0,4,6,0,2,4,0,2,3,11,0
201801,Enero de 2018,12,Galicia,27,Lugo,27038,Ourol,63,3,6,28,3,13,10,8,7,8,39,1
201802,Febrero de 2018,12,Galicia,27,Lugo,27038,Ourol,60,3,4,27,3,13,10,6,6,8,39,1
201803,Marzo de 2018,12,Galicia,27,Lugo,27038,Ourol,55,3,4,26,3,11,8,6,6,8,34,1
201804,Abril de 2018,12,Galicia,27,Lugo,27038,Ourol,51,2,3,22,2,13,9,6,5,6,33,1
201805,Mayo de 2018,12,Galicia,27,Lugo,27038,Ourol,49,1,4,21,2,12,9,6,4,6,32,1
201806,Junio de 2018,12,Galicia,27,Lugo,27038,Ourol,41,2,4,18,3,7,7,6,3,6,25,1
201807,Julio de 2018,12,Galicia,27,Lugo,27038,Ourol,43,2,7,17,3,7,7,5,3,5,28,2
201808,Agosto de 2018,12,Galicia,27,Lugo,27038,Ourol,48,3,8,15,2,12,8,5,6,4,31,2
201809,Septiembre de 2018,12,Galicia,27,Lugo,27038,Ourol,47,2,7,13,1,17,7,6,5,1,34,1
201810,Octubre de 2018,12,Galicia,27,Lugo,27038,Ourol,51,2,9,18,1,13,8,10,4,1,35,1
201811,Noviembre de 2018,12,Galicia,27,Lugo,27038,Ourol,56,2,10,22,1,12,9,10,5,2,39,0
201812,Diciembre de 2018,12,Galicia,27,Lugo,27038,Ourol,54,2,8,22,1,10,11,9,3,2,40,0
201801,Enero de 2018,12,Galicia,27,Lugo,27055,Samos,49,0,7,25,0,10,7,10,5,7,27,0
201802,Febrero de 2018,12,Galicia,27,Lugo,27055,Samos,50,0,10,24,0,10,6,10,5,7,28,0
201803,Marzo de 2018,12,Galicia,27,Lugo,27055,Samos,47,0,5,24,0,10,8,9,5,7,26,0
201804,Abril de 2018,12,Galicia,27,Lugo,27055,Samos,50,0,7,25,0,11,7,8,6,7,29,0
201805,Mayo de 2018,12,Galicia,27,Lugo,27055,Samos,46,0,6,24,0,7,9,8,5,7,26,0
201806,Junio de 2018,12,Galicia,27,Lugo,27055,Samos,44,0,7,22,0,6,9,7,5,6,26,0
201807,Julio de 2018,12,Galicia,27,Lugo,27055,Samos,45,0,4,23,0,7,11,7,5,6,27,0
201808,Agosto de 2018,12,Galicia,27,Lugo,27055,Samos,41,0,3,23,0,5,10,7,5,6,23,0
201809,Septiembre de 2018,12,Galicia,27,Lugo,27055,Samos,36,1,2,22,0,4,7,6,5,6,18,1
201810,Octubre de 2018,12,Galicia,27,Lugo,27055,Samos,38,1,4,22,1,5,5,6,6,6,19,1
201811,Noviembre de 2018,12,Galicia,27,Lugo,27055,Samos,45,1,10,20,1,9,4,4,7,7,26,1
201812,Diciembre de 2018,12,Galicia,27,Lugo,27055,Samos,44,2,8,21,1,7,5,4,6,7,26,1
201801,Enero de 2018,12,Galicia,27,Lugo,27059,Sober,114,5,16,37,0,28,28,5,19,9,71,10
201802,Febrero de 2018,12,Galicia,27,Lugo,27059,Sober,109,3,14,36,0,28,28,5,18,9,67,10
201803,Marzo de 2018,12,Galicia,27,Lugo,27059,Sober,106,3,11,38,1,27,26,3,19,10,65,9
201804,Abril de 2018,12,Galicia,27,Lugo,27059,Sober,112,3,14,39,1,29,26,3,19,11,69,10
201805,Mayo de 2018,12,Galicia,27,Lugo,27059,Sober,107,1,16,36,1,28,25,1,16,11,70,9
201806,Junio de 2018,12,Galicia,27,Lugo,27059,Sober,102,1,15,32,1,28,25,1,16,9,67,9
201807,Julio de 2018,12,Galicia,27,Lugo,27059,Sober,91,0,10,29,1,28,23,0,14,8,61,8
201808,Agosto de 2018,12,Galicia,27,Lugo,27059,Sober,93,0,9,30,2,27,25,0,16,9,60,8
201809,Septiembre de 2018,12,Galicia,27,Lugo,27059,Sober,95,1,11,27,2,28,26,0,14,7,65,9
201810,Octubre de 2018,12,Galicia,27,Lugo,27059,Sober,101,1,15,31,1,25,28,3,15,7,68,8
201811,Noviembre de 2018,12,Galicia,27,Lugo,27059,Sober,99,2,17,28,0,25,27,3,14,7,67,8
201812,Diciembre de 2018,12,Galicia,27,Lugo,27059,Sober,98,1,17,28,0,21,31,2,13,8,67,8
201801,Enero de 2018,12,Galicia,27,Lugo,27902,Burela,554,9,107,94,16,184,144,23,38,43,417,33
201802,Febrero de 2018,12,Galicia,27,Lugo,27902,Burela,550,11,111,89,15,186,138,23,37,46,412,32
201803,Marzo de 2018,12,Galicia,27,Lugo,27902,Burela,505,8,90,77,11,185,134,21,41,46,367,30
201804,Abril de 2018,12,Galicia,27,Lugo,27902,Burela,545,12,91,87,7,203,145,19,40,52,405,29
201805,Mayo de 2018,12,Galicia,27,Lugo,27902,Burela,544,13,91,86,10,201,143,17,41,44,410,32
201806,Junio de 2018,12,Galicia,27,Lugo,27902,Burela,534,13,81,84,10,202,144,17,36,40,407,34
201807,Julio de 2018,12,Galicia,27,Lugo,27902,Burela,493,12,71,73,16,192,129,17,32,34,372,38
201808,Agosto de 2018,12,Galicia,27,Lugo,27902,Burela,482,10,68,75,11,184,134,12,32,40,361,37
201809,Septiembre de 2018,12,Galicia,27,Lugo,27902,Burela,512,11,81,73,13,201,133,13,37,37,386,39
201810,Octubre de 2018,12,Galicia,27,Lugo,27902,Burela,516,14,87,75,10,192,138,20,37,41,387,31
201811,Noviembre de 2018,12,Galicia,27,Lugo,27902,Burela,558,17,98,80,12,212,139,24,38,41,422,33
201812,Diciembre de 2018,12,Galicia,27,Lugo,27902,Burela,521,14,93,81,10,188,135,22,34,40,392,33
201801,Enero de 2018,12,Galicia,27,Lugo,27057,Sarria,930,21,147,239,21,240,262,46,89,101,613,81
201802,Febrero de 2018,12,Galicia,27,Lugo,27057,Sarria,959,25,146,244,25,252,267,52,90,101,629,87
201803,Marzo de 2018,12,Galicia,27,Lugo,27057,Sarria,929,21,143,237,28,242,258,48,88,104,600,89
201804,Abril de 2018,12,Galicia,27,Lugo,27057,Sarria,897,20,139,232,29,228,249,43,83,98,585,88
201805,Mayo de 2018,12,Galicia,27,Lugo,27057,Sarria,839,14,117,224,26,226,232,36,73,88,558,84
201806,Junio de 2018,12,Galicia,27,Lugo,27057,Sarria,822,14,123,222,25,209,229,38,69,87,549,79
201807,Julio de 2018,12,Galicia,27,Lugo,27057,Sarria,790,16,112,217,19,204,222,36,70,91,523,70
201808,Agosto de 2018,12,Galicia,27,Lugo,27057,Sarria,787,16,112,222,19,190,228,38,78,86,515,70
201809,Septiembre de 2018,12,Galicia,27,Lugo,27057,Sarria,815,20,117,221,21,210,226,36,80,81,545,73
201810,Octubre de 2018,12,Galicia,27,Lugo,27057,Sarria,806,19,118,215,21,201,232,37,72,79,547,71
201811,Noviembre de 2018,12,Galicia,27,Lugo,27057,Sarria,828,17,116,212,22,225,236,39,70,78,575,66
201812,Diciembre de 2018,12,Galicia,27,Lugo,27057,Sarria,820,19,113,220,22,208,238,45,74,78,560,63
201801,Enero de 2018,12,Galicia,27,Lugo,27001,Abadín,73,1,11,42,1,9,9,9,9,17,36,2
201802,Febrero de 2018,12,Galicia,27,Lugo,27001,Abadín,74,1,10,42,1,11,9,9,10,17,36,2
201803,Marzo de 2018,12,Galicia,27,Lugo,27001,Abadín,73,2,11,43,0,9,8,9,9,18,35,2
201804,Abril de 2018,12,Galicia,27,Lugo,27001,Abadín,72,1,10,40,1,10,10,8,9,17,36,2
201805,Mayo de 2018,12,Galicia,27,Lugo,27001,Abadín,63,0,7,36,1,12,7,9,7,16,28,3
201806,Junio de 2018,12,Galicia,27,Lugo,27001,Abadín,68,0,7,35,1,18,7,8,7,13,35,5
201807,Julio de 2018,12,Galicia,27,Lugo,27001,Abadín,61,0,5,33,1,15,7,4,8,13,31,5
201808,Agosto de 2018,12,Galicia,27,Lugo,27001,Abadín,67,0,7,35,0,17,8,6,8,15,33,5
201809,Septiembre de 2018,12,Galicia,27,Lugo,27001,Abadín,69,0,9,36,0,16,8,6,10,13,34,6
201810,Octubre de 2018,12,Galicia,27,Lugo,27001,Abadín,62,0,8,33,0,13,8,6,10,12,28,6
201811,Noviembre de 2018,12,Galicia,27,Lugo,27001,Abadín,72,0,11,40,0,13,8,13,10,14,29,6
201812,Diciembre de 2018,12,Galicia,27,Lugo,27001,Abadín,67,1,7,41,1,10,7,11,10,15,25,6
201801,Enero de 2018,12,Galicia,27,Lugo,27004,Baleira,49,4,8,19,2,10,6,6,4,3,36,0
201802,Febrero de 2018,12,Galicia,27,Lugo,27004,Baleira,48,4,9,19,1,9,6,7,5,3,33,0
201803,Marzo de 2018,12,Galicia,27,Lugo,27004,Baleira,45,3,6,17,2,11,6,4,4,3,33,1
201804,Abril de 2018,12,Galicia,27,Lugo,27004,Baleira,40,1,4,16,1,12,6,5,3,2,30,0
201805,Mayo de 2018,12,Galicia,27,Lugo,27004,Baleira,42,1,7,16,1,11,6,5,3,3,31,0
201806,Junio de 2018,12,Galicia,27,Lugo,27004,Baleira,48,1,9,17,3,11,7,8,3,3,32,2
201807,Julio de 2018,12,Galicia,27,Lugo,27004,Baleira,44,1,10,16,3,8,6,7,4,3,28,2
201808,Agosto de 2018,12,Galicia,27,Lugo,27004,Baleira,41,1,8,17,3,8,4,7,4,3,25,2
201809,Septiembre de 2018,12,Galicia,27,Lugo,27004,Baleira,44,2,9,18,3,7,5,8,4,3,26,3
201810,Octubre de 2018,12,Galicia,27,Lugo,27004,Baleira,42,2,9,16,1,9,5,10,3,3,24,2
201811,Noviembre de 2018,12,Galicia,27,Lugo,27004,Baleira,46,1,11,19,2,8,5,8,3,4,29,2
201812,Diciembre de 2018,12,Galicia,27,Lugo,27004,Baleira,46,3,12,17,2,8,4,9,3,4,28,2
201801,Enero de 2018,12,Galicia,27,Lugo,27901,Baralla,97,3,18,33,3,20,20,7,8,10,62,10
201802,Febrero de 2018,12,Galicia,27,Lugo,27901,Baralla,97,4,16,34,2,18,23,7,7,11,63,9
201803,Marzo de 2018,12,Galicia,27,Lugo,27901,Baralla,94,4,12,34,2,18,24,7,7,11,61,8
201804,Abril de 2018,12,Galicia,27,Lugo,27901,Baralla,98,4,13,32,1,23,25,7,6,10,66,9
201805,Mayo de 2018,12,Galicia,27,Lugo,27901,Baralla,99,4,18,30,1,24,22,11,6,9,64,9
201806,Junio de 2018,12,Galicia,27,Lugo,27901,Baralla,102,4,15,29,1,25,28,10,7,9,67,9
201807,Julio de 2018,12,Galicia,27,Lugo,27901,Baralla,93,3,11,30,1,23,25,3,7,8,66,9
201808,Agosto de 2018,12,Galicia,27,Lugo,27901,Baralla,89,1,11,29,1,23,24,1,7,8,65,8
201809,Septiembre de 2018,12,Galicia,27,Lugo,27901,Baralla,102,6,10,32,2,26,26,4,7,9,69,13
201810,Octubre de 2018,12,Galicia,27,Lugo,27901,Baralla,102,4,14,30,1,27,26,5,8,7,71,11
201811,Noviembre de 2018,12,Galicia,27,Lugo,27901,Baralla,105,6,13,32,1,26,27,6,9,9,69,12
201812,Diciembre de 2018,12,Galicia,27,Lugo,27901,Baralla,95,4,13,33,1,22,22,4,8,11,61,11
201801,Enero de 2018,12,Galicia,27,Lugo,27007,Begonte,156,4,24,59,4,32,33,10,22,18,90,16
201802,Febrero de 2018,12,Galicia,27,Lugo,27007,Begonte,161,5,25,57,4,36,34,10,22,18,95,16
201803,Marzo de 2018,12,Galicia,27,Lugo,27007,Begonte,156,4,25,55,5,34,33,9,22,17,91,17
201804,Abril de 2018,12,Galicia,27,Lugo,27007,Begonte,149,5,20,48,2,37,37,9,20,16,89,15
201805,Mayo de 2018,12,Galicia,27,Lugo,27007,Begonte,145,5,20,45,0,34,41,8,18,16,89,14
201806,Junio de 2018,12,Galicia,27,Lugo,27007,Begonte,141,8,19,44,0,33,37,9,14,16,87,15
201807,Julio de 2018,12,Galicia,27,Lugo,27007,Begonte,131,9,11,40,2,35,34,9,13,12,82,15
201808,Agosto de 2018,12,Galicia,27,Lugo,27007,Begonte,132,8,12,39,2,35,36,9,12,13,81,17
201809,Septiembre de 2018,12,Galicia,27,Lugo,27007,Begonte,140,6,13,36,4,41,40,8,14,11,91,16
201810,Octubre de 2018,12,Galicia,27,Lugo,27007,Begonte,126,5,13,32,5,37,34,8,10,13,79,16
201811,Noviembre de 2018,12,Galicia,27,Lugo,27007,Begonte,127,5,14,36,4,33,35,7,10,16,78,16
201812,Diciembre de 2018,12,Galicia,27,Lugo,27007,Begonte,136,5,14,45,4,34,34,7,12,15,87,15
201801,Enero de 2018,12,Galicia,27,Lugo,27008,Bóveda,66,1,11,22,0,11,21,7,7,5,44,3
201802,Febrero de 2018,12,Galicia,27,Lugo,27008,Bóveda,73,1,16,22,0,12,22,7,8,5,50,3
201803,Marzo de 2018,12,Galicia,27,Lugo,27008,Bóveda,69,2,15,20,0,11,21,7,9,3,48,2
201804,Abril de 2018,12,Galicia,27,Lugo,27008,Bóveda,63,0,11,18,0,13,21,6,10,3,42,2
201805,Mayo de 2018,12,Galicia,27,Lugo,27008,Bóveda,65,1,12,18,0,13,21,7,10,3,43,2
201806,Junio de 2018,12,Galicia,27,Lugo,27008,Bóveda,63,1,12,17,0,11,22,8,8,3,41,3
201807,Julio de 2018,12,Galicia,27,Lugo,27008,Bóveda,51,2,8,16,0,7,18,4,7,3,34,3
201808,Agosto de 2018,12,Galicia,27,Lugo,27008,Bóveda,54,1,10,16,0,9,18,5,8,4,34,3
201809,Septiembre de 2018,12,Galicia,27,Lugo,27008,Bóveda,54,1,9,14,0,12,18,3,9,3,36,3
201810,Octubre de 2018,12,Galicia,27,Lugo,27008,Bóveda,54,0,10,16,0,11,17,4,8,3,37,2
201811,Noviembre de 2018,12,Galicia,27,Lugo,27008,Bóveda,46,0,9,16,0,6,15,2,5,4,33,2
201812,Diciembre de 2018,12,Galicia,27,Lugo,27008,Bóveda,48,0,8,18,0,6,16,2,4,4,36,2
201801,Enero de 2018,12,Galicia,27,Lugo,27023,Guntín,106,3,22,35,2,27,17,10,4,15,72,5
201802,Febrero de 2018,12,Galicia,27,Lugo,27023,Guntín,103,3,22,36,2,24,16,9,6,13,70,5
201803,Marzo de 2018,12,Galicia,27,Lugo,27023,Guntín,97,4,20,36,1,21,15,8,6,13,64,6
201804,Abril de 2018,12,Galicia,27,Lugo,27023,Guntín,95,4,18,37,0,21,15,9,5,13,62,6
201805,Mayo de 2018,12,Galicia,27,Lugo,27023,Guntín,89,3,20,37,0,17,12,10,3,14,56,6
201806,Junio de 2018,12,Galicia,27,Lugo,27023,Guntín,76,2,18,31,0,13,12,8,2,11,50,5
201807,Julio de 2018,12,Galicia,27,Lugo,27023,Guntín,75,2,19,30,0,12,12,7,2,12,49,5
201808,Agosto de 2018,12,Galicia,27,Lugo,27023,Guntín,80,2,22,27,1,14,14,7,4,10,53,6
201809,Septiembre de 2018,12,Galicia,27,Lugo,27023,Guntín,76,1,20,26,1,17,11,5,5,10,51,5
201810,Octubre de 2018,12,Galicia,27,Lugo,27023,Guntín,78,1,19,27,3,18,10,5,4,10,55,4
201811,Noviembre de 2018,12,Galicia,27,Lugo,27023,Guntín,84,3,18,26,2,24,11,6,5,10,59,4
201812,Diciembre de 2018,12,Galicia,27,Lugo,27023,Guntín,81,3,18,27,2,20,11,8,3,10,56,4
201801,Enero de 2018,12,Galicia,27,Lugo,27041,Pantón,110,3,18,41,2,17,29,12,7,16,66,9
201802,Febrero de 2018,12,Galicia,27,Lugo,27041,Pantón,116,4,17,43,1,17,34,12,8,16,68,12
201803,Marzo de 2018,12,Galicia,27,Lugo,27041,Pantón,116,5,17,44,1,18,31,11,9,16,67,13
201804,Abril de 2018,12,Galicia,27,Lugo,27041,Pantón,115,4,16,43,2,17,33,10,10,16,67,12
201805,Mayo de 2018,12,Galicia,27,Lugo,27041,Pantón,110,3,18,41,3,17,28,10,8,15,66,11
201806,Junio de 2018,12,Galicia,27,Lugo,27041,Pantón,101,2,12,38,3,17,29,7,7,13,61,13
201807,Julio de 2018,12,Galicia,27,Lugo,27041,Pantón,105,4,10,38,3,22,28,7,7,12,66,13
201808,Agosto de 2018,12,Galicia,27,Lugo,27041,Pantón,109,1,10,42,3,24,29,6,8,13,67,15
201809,Septiembre de 2018,12,Galicia,27,Lugo,27041,Pantón,103,2,12,35,5,19,30,7,7,11,64,14
201810,Octubre de 2018,12,Galicia,27,Lugo,27041,Pantón,95,1,12,35,2,16,29,8,10,12,52,13
201811,Noviembre de 2018,12,Galicia,27,Lugo,27041,Pantón,94,1,12,35,2,17,27,8,9,12,54,11
201812,Diciembre de 2018,12,Galicia,27,Lugo,27041,Pantón,92,1,14,38,1,14,24,10,9,14,52,7
201801,Enero de 2018,12,Galicia,27,Lugo,27050,Quiroga,218,11,37,40,8,63,59,13,27,13,135,30
201802,Febrero de 2018,12,Galicia,27,Lugo,27050,Quiroga,214,12,35,41,9,58,59,13,28,17,124,32
201803,Marzo de 2018,12,Galicia,27,Lugo,27050,Quiroga,213,12,34,41,9,55,62,12,27,20,123,31
201804,Abril de 2018,12,Galicia,27,Lugo,27050,Quiroga,218,12,37,44,9,51,65,21,26,21,122,28
201805,Mayo de 2018,12,Galicia,27,Lugo,27050,Quiroga,210,12,38,41,8,48,63,22,22,15,123,28
201806,Junio de 2018,12,Galicia,27,Lugo,27050,Quiroga,188,12,30,37,7,41,61,22,19,15,107,25
201807,Julio de 2018,12,Galicia,27,Lugo,27050,Quiroga,184,12,31,40,8,33,60,20,19,15,106,24
201808,Agosto de 2018,12,Galicia,27,Lugo,27050,Quiroga,181,10,31,37,8,34,61,21,19,14,105,22
201809,Septiembre de 2018,12,Galicia,27,Lugo,27050,Quiroga,170,10,23,35,8,38,56,17,19,14,97,23
201810,Octubre de 2018,12,Galicia,27,Lugo,27050,Quiroga,202,12,33,39,7,45,66,16,33,15,117,21
201811,Noviembre de 2018,12,Galicia,27,Lugo,27050,Quiroga,194,11,27,35,8,49,64,14,28,14,113,25
201812,Diciembre de 2018,12,Galicia,27,Lugo,27050,Quiroga,197,11,25,35,8,52,66,13,26,16,118,24
201801,Enero de 2018,12,Galicia,27,Lugo,27051,Ribadeo,611,22,102,128,12,185,162,13,40,46,475,37
201802,Febrero de 2018,12,Galicia,27,Lugo,27051,Ribadeo,605,19,94,131,12,183,166,12,43,47,464,39
201803,Marzo de 2018,12,Galicia,27,Lugo,27051,Ribadeo,572,17,91,121,9,175,159,9,50,43,425,45
201804,Abril de 2018,12,Galicia,27,Lugo,27051,Ribadeo,576,15,95,116,11,179,160,11,43,46,433,43
201805,Mayo de 2018,12,Galicia,27,Lugo,27051,Ribadeo,566,15,91,119,13,162,166,10,43,45,428,40
201806,Junio de 2018,12,Galicia,27,Lugo,27051,Ribadeo,498,14,81,101,6,148,148,11,45,44,361,37
201807,Julio de 2018,12,Galicia,27,Lugo,27051,Ribadeo,470,12,79,104,6,133,136,13,47,35,341,34
201808,Agosto de 2018,12,Galicia,27,Lugo,27051,Ribadeo,487,10,85,110,7,133,142,11,50,40,349,37
201809,Septiembre de 2018,12,Galicia,27,Lugo,27051,Ribadeo,551,14,89,121,14,156,157,13,50,42,408,38
201810,Octubre de 2018,12,Galicia,27,Lugo,27051,Ribadeo,560,15,86,110,18,166,165,14,43,40,420,43
201811,Noviembre de 2018,12,Galicia,27,Lugo,27051,Ribadeo,585,16,92,111,19,179,168,17,39,38,449,42
201812,Diciembre de 2018,12,Galicia,27,Lugo,27051,Ribadeo,551,11,89,113,15,165,158,17,36,39,423,36
201801,Enero de 2018,12,Galicia,27,Lugo,27056,Rábade,74,5,18,18,4,13,16,3,4,13,40,14
201802,Febrero de 2018,12,Galicia,27,Lugo,27056,Rábade,80,4,19,18,5,16,18,3,4,13,48,12
201803,Marzo de 2018,12,Galicia,27,Lugo,27056,Rábade,79,4,18,15,7,17,18,4,6,11,44,14
201804,Abril de 2018,12,Galicia,27,Lugo,27056,Rábade,77,6,15,15,7,14,20,5,6,7,40,19
201805,Mayo de 2018,12,Galicia,27,Lugo,27056,Rábade,69,4,17,13,6,11,18,5,7,8,34,15
201806,Junio de 2018,12,Galicia,27,Lugo,27056,Rábade,71,4,16,16,5,11,19,5,7,9,35,15
201807,Julio de 2018,12,Galicia,27,Lugo,27056,Rábade,80,5,17,20,7,14,17,4,8,8,43,17
201808,Agosto de 2018,12,Galicia,27,Lugo,27056,Rábade,82,5,16,24,5,16,16,3,9,9,44,17
201809,Septiembre de 2018,12,Galicia,27,Lugo,27056,Rábade,83,5,20,22,6,12,18,2,10,7,47,17
201810,Octubre de 2018,12,Galicia,27,Lugo,27056,Rábade,75,3,19,21,3,11,18,3,9,8,44,11
201811,Noviembre de 2018,12,Galicia,27,Lugo,27056,Rábade,69,3,16,20,4,9,17,4,8,6,39,12
201812,Diciembre de 2018,12,Galicia,27,Lugo,27056,Rábade,90,5,24,21,4,16,20,8,9,13,44,16
201801,Enero de 2018,12,Galicia,27,Lugo,27060,Taboada,136,1,16,57,3,33,26,9,9,17,89,12
201802,Febrero de 2018,12,Galicia,27,Lugo,27060,Taboada,136,2,16,56,2,34,26,10,8,15,89,14
201803,Marzo de 2018,12,Galicia,27,Lugo,27060,Taboada,133,1,15,54,1,36,26,11,8,15,85,14
201804,Abril de 2018,12,Galicia,27,Lugo,27060,Taboada,131,2,15,53,2,33,26,11,7,14,85,14
201805,Mayo de 2018,12,Galicia,27,Lugo,27060,Taboada,120,0,12,54,1,31,22,9,8,15,79,9
201806,Junio de 2018,12,Galicia,27,Lugo,27060,Taboada,106,1,10,49,1,28,17,8,8,13,66,11
201807,Julio de 2018,12,Galicia,27,Lugo,27060,Taboada,113,1,13,49,3,30,17,11,11,12,67,12
201808,Agosto de 2018,12,Galicia,27,Lugo,27060,Taboada,106,1,10,49,4,25,17,10,10,12,62,12
201809,Septiembre de 2018,12,Galicia,27,Lugo,27060,Taboada,108,1,10,50,2,27,18,11,8,14,64,11
201810,Octubre de 2018,12,Galicia,27,Lugo,27060,Taboada,99,0,8,50,1,25,15,10,8,15,55,11
201811,Noviembre de 2018,12,Galicia,27,Lugo,27060,Taboada,110,0,13,52,2,28,15,12,7,16,64,11
201812,Diciembre de 2018,12,Galicia,27,Lugo,27060,Taboada,110,0,14,51,3,27,15,11,9,16,65,9
201801,Enero de 2018,12,Galicia,27,Lugo,27061,Trabada,35,3,6,10,0,8,8,2,5,0,28,0
201802,Febrero de 2018,12,Galicia,27,Lugo,27061,Trabada,35,2,6,11,0,6,10,1,5,0,29,0
201803,Marzo de 2018,12,Galicia,27,Lugo,27061,Trabada,35,3,6,12,0,8,6,1,6,2,26,0
201804,Abril de 2018,12,Galicia,27,Lugo,27061,Trabada,40,3,5,14,0,9,9,2,7,2,29,0
201805,Mayo de 2018,12,Galicia,27,Lugo,27061,Trabada,39,2,7,14,0,7,9,2,7,2,28,0
201806,Junio de 2018,12,Galicia,27,Lugo,27061,Trabada,34,3,7,10,0,7,7,0,5,1,27,1
201807,Julio de 2018,12,Galicia,27,Lugo,27061,Trabada,32,2,9,9,1,7,4,0,6,1,23,2
201808,Agosto de 2018,12,Galicia,27,Lugo,27061,Trabada,38,2,10,12,1,7,6,0,6,1,29,2
201809,Septiembre de 2018,12,Galicia,27,Lugo,27061,Trabada,35,0,8,13,1,6,7,0,4,1,27,3
201810,Octubre de 2018,12,Galicia,27,Lugo,27061,Trabada,33,0,5,13,0,7,8,0,3,1,28,1
201811,Noviembre de 2018,12,Galicia,27,Lugo,27061,Trabada,33,1,5,12,0,8,7,0,5,1,25,2
201812,Diciembre de 2018,12,Galicia,27,Lugo,27061,Trabada,34,1,8,10,0,7,8,2,5,1,25,1
201801,Enero de 2018,12,Galicia,27,Lugo,27065,Vilalba,856,16,105,306,19,188,222,42,97,142,505,70
201802,Febrero de 2018,12,Galicia,27,Lugo,27065,Vilalba,846,14,115,298,17,185,217,42,95,146,498,65
201803,Marzo de 2018,12,Galicia,27,Lugo,27065,Vilalba,836,20,117,294,18,175,212,47,90,145,490,64
201804,Abril de 2018,12,Galicia,27,Lugo,27065,Vilalba,799,14,103,282,24,163,213,42,85,128,480,64
201805,Mayo de 2018,12,Galicia,27,Lugo,27065,Vilalba,791,10,93,275,22,175,216,38,87,112,496,58
201806,Junio de 2018,12,Galicia,27,Lugo,27065,Vilalba,774,10,82,266,20,174,222,33,87,111,486,57
201807,Julio de 2018,12,Galicia,27,Lugo,27065,Vilalba,769,10,86,252,20,188,213,32,90,116,469,62
201808,Agosto de 2018,12,Galicia,27,Lugo,27065,Vilalba,775,12,84,252,25,190,212,30,85,118,479,63
201809,Septiembre de 2018,12,Galicia,27,Lugo,27065,Vilalba,791,12,88,247,31,202,211,36,77,109,502,67
201810,Octubre de 2018,12,Galicia,27,Lugo,27065,Vilalba,739,13,75,239,31,185,196,40,73,109,458,59
201811,Noviembre de 2018,12,Galicia,27,Lugo,27065,Vilalba,730,8,83,238,29,170,202,36,68,103,462,61
201812,Diciembre de 2018,12,Galicia,27,Lugo,27065,Vilalba,680,5,79,235,20,159,182,28,69,103,423,57
201801,Enero de 2018,12,Galicia,27,Lugo,27066,Viveiro,1019,42,192,176,30,293,286,52,83,87,727,70
201802,Febrero de 2018,12,Galicia,27,Lugo,27066,Viveiro,1028,38,184,180,32,304,290,50,86,82,743,67
201803,Marzo de 2018,12,Galicia,27,Lugo,27066,Viveiro,950,36,168,168,32,263,283,42,80,79,683,66
201804,Abril de 2018,12,Galicia,27,Lugo,27066,Viveiro,958,31,163,163,34,282,285,47,78,72,696,65
201805,Mayo de 2018,12,Galicia,27,Lugo,27066,Viveiro,925,30,154,162,35,269,275,48,79,71,659,68
201806,Junio de 2018,12,Galicia,27,Lugo,27066,Viveiro,856,31,127,165,21,253,259,38,72,66,615,65
201807,Julio de 2018,12,Galicia,27,Lugo,27066,Viveiro,828,28,134,165,20,225,256,33,63,69,603,60
201808,Agosto de 2018,12,Galicia,27,Lugo,27066,Viveiro,821,24,138,160,18,236,245,32,61,70,601,57
201809,Septiembre de 2018,12,Galicia,27,Lugo,27066,Viveiro,894,26,153,170,27,263,255,37,76,77,647,57
201810,Octubre de 2018,12,Galicia,27,Lugo,27066,Viveiro,937,30,151,173,28,290,265,39,78,69,692,59
201811,Noviembre de 2018,12,Galicia,27,Lugo,27066,Viveiro,961,37,160,176,31,290,267,41,80,66,707,67
201812,Diciembre de 2018,12,Galicia,27,Lugo,27066,Viveiro,920,30,153,173,29,277,258,39,67,65,681,68
201801,Enero de 2018,12,Galicia,27,Lugo,27021,Xermade,90,1,9,35,2,23,20,6,14,8,55,7
201802,Febrero de 2018,12,Galicia,27,Lugo,27021,Xermade,87,0,6,36,1,22,22,6,14,9,52,6
201803,Marzo de 2018,12,Galicia,27,Lugo,27021,Xermade,87,3,7,33,1,21,22,7,14,9,50,7
201804,Abril de 2018,12,Galicia,27,Lugo,27021,Xermade,85,2,7,32,1,22,21,6,14,8,48,9
201805,Mayo de 2018,12,Galicia,27,Lugo,27021,Xermade,81,1,6,32,1,20,21,6,14,7,46,8
201806,Junio de 2018,12,Galicia,27,Lugo,27021,Xermade,80,0,9,30,0,18,23,8,13,7,46,6
201807,Julio de 2018,12,Galicia,27,Lugo,27021,Xermade,73,0,4,31,0,15,23,8,8,9,43,5
201808,Agosto de 2018,12,Galicia,27,Lugo,27021,Xermade,73,0,3,30,0,18,22,6,9,8,45,5
201809,Septiembre de 2018,12,Galicia,27,Lugo,27021,Xermade,75,0,6,25,0,21,23,5,8,8,50,4
201810,Octubre de 2018,12,Galicia,27,Lugo,27021,Xermade,80,0,8,29,1,21,21,6,10,9,48,7
201811,Noviembre de 2018,12,Galicia,27,Lugo,27021,Xermade,83,0,9,28,2,24,20,5,10,8,53,7
201812,Diciembre de 2018,12,Galicia,27,Lugo,27021,Xermade,78,0,7,30,2,21,18,4,9,10,48,7
201801,Enero de 2018,12,Galicia,27,Lugo,27016,Chantada,471,17,58,129,12,132,123,39,41,41,320,30
201802,Febrero de 2018,12,Galicia,27,Lugo,27016,Chantada,459,14,61,124,11,125,124,45,43,39,305,27
201803,Marzo de 2018,12,Galicia,27,Lugo,27016,Chantada,434,9,58,127,8,116,116,40,43,41,285,25
201804,Abril de 2018,12,Galicia,27,Lugo,27016,Chantada,421,11,53,113,8,117,119,41,43,33,281,23
201805,Mayo de 2018,12,Galicia,27,Lugo,27016,Chantada,423,9,59,114,9,113,119,41,43,32,281,26
201806,Junio de 2018,12,Galicia,27,Lugo,27016,Chantada,420,9,57,113,11,109,121,35,44,31,285,25
201807,Julio de 2018,12,Galicia,27,Lugo,27016,Chantada,415,8,57,114,18,98,120,36,38,36,279,26
201808,Agosto de 2018,12,Galicia,27,Lugo,27016,Chantada,407,6,57,119,13,97,115,38,34,37,274,24
201809,Septiembre de 2018,12,Galicia,27,Lugo,27016,Chantada,415,11,53,118,13,96,124,40,37,38,276,24
201810,Octubre de 2018,12,Galicia,27,Lugo,27016,Chantada,403,14,51,112,12,95,119,36,40,31,274,22
201811,Noviembre de 2018,12,Galicia,27,Lugo,27016,Chantada,416,15,58,113,15,96,119,37,37,33,287,22
201812,Diciembre de 2018,12,Galicia,27,Lugo,27016,Chantada,434,9,64,123,14,104,120,35,47,42,284,26
201801,Enero de 2018,12,Galicia,27,Lugo,27014,"Corgo, O",130,5,27,36,4,29,29,6,18,14,82,10
201802,Febrero de 2018,12,Galicia,27,Lugo,27014,"Corgo, O",128,4,26,39,2,28,29,6,17,15,82,8
201803,Marzo de 2018,12,Galicia,27,Lugo,27014,"Corgo, O",123,1,23,34,3,29,33,4,18,12,80,9
201804,Abril de 2018,12,Galicia,27,Lugo,27014,"Corgo, O",116,1,23,33,3,27,29,4,17,12,74,9
201805,Mayo de 2018,12,Galicia,27,Lugo,27014,"Corgo, O",112,1,22,34,2,25,28,5,18,11,71,7
201806,Junio de 2018,12,Galicia,27,Lugo,27014,"Corgo, O",111,1,20,36,2,23,29,4,18,10,73,6
201807,Julio de 2018,12,Galicia,27,Lugo,27014,"Corgo, O",111,2,22,36,2,19,30,4,18,10,73,6
201808,Agosto de 2018,12,Galicia,27,Lugo,27014,"Corgo, O",107,2,21,36,1,19,28,3,17,10,72,5
201809,Septiembre de 2018,12,Galicia,27,Lugo,27014,"Corgo, O",114,1,21,38,1,24,29,3,14,9,82,6
201810,Octubre de 2018,12,Galicia,27,Lugo,27014,"Corgo, O",119,2,24,39,2,24,28,3,12,9,89,6
201811,Noviembre de 2018,12,Galicia,27,Lugo,27014,"Corgo, O",113,2,28,35,3,22,23,4,11,9,83,6
201812,Diciembre de 2018,12,Galicia,27,Lugo,27014,"Corgo, O",105,4,23,32,4,21,21,3,12,8,75,7
201801,Enero de 2018,12,Galicia,27,Lugo,27015,Cospeito,175,4,19,66,6,40,40,14,12,23,117,9
201802,Febrero de 2018,12,Galicia,27,Lugo,27015,Cospeito,176,3,20,67,8,41,37,13,13,25,115,10
201803,Marzo de 2018,12,Galicia,27,Lugo,27015,Cospeito,177,4,15,66,9,43,40,14,13,25,116,9
201804,Abril de 2018,12,Galicia,27,Lugo,27015,Cospeito,172,3,16,69,6,38,40,15,12,25,112,8
201805,Mayo de 2018,12,Galicia,27,Lugo,27015,Cospeito,164,2,14,65,4,39,40,15,14,22,105,8
201806,Junio de 2018,12,Galicia,27,Lugo,27015,Cospeito,167,3,18,64,4,41,37,17,16,23,102,9
201807,Julio de 2018,12,Galicia,27,Lugo,27015,Cospeito,164,2,14,62,4,43,39,16,15,20,103,10
201808,Agosto de 2018,12,Galicia,27,Lugo,27015,Cospeito,156,4,14,55,3,41,39,13,12,20,100,11
201809,Septiembre de 2018,12,Galicia,27,Lugo,27015,Cospeito,148,4,11,55,4,36,38,11,13,19,96,9
201810,Octubre de 2018,12,Galicia,27,Lugo,27015,Cospeito,139,4,9,52,3,34,37,10,10,16,95,8
201811,Noviembre de 2018,12,Galicia,27,Lugo,27015,Cospeito,143,2,14,56,3,36,32,12,12,16,94,9
201812,Diciembre de 2018,12,Galicia,27,Lugo,27015,Cospeito,135,3,11,58,3,31,29,11,9,15,89,11
201801,Enero de 2018,12,Galicia,27,Lugo,27022,Guitiriz,276,6,36,89,2,70,73,22,8,48,187,11
201802,Febrero de 2018,12,Galicia,27,Lugo,27022,Guitiriz,267,6,33,86,1,69,72,22,11,44,179,11
201803,Marzo de 2018,12,Galicia,27,Lugo,27022,Guitiriz,269,7,42,83,2,68,67,42,11,42,165,9
201804,Abril de 2018,12,Galicia,27,Lugo,27022,Guitiriz,242,4,29,80,0,63,66,24,10,42,158,8
201805,Mayo de 2018,12,Galicia,27,Lugo,27022,Guitiriz,232,4,28,77,2,58,63,17,11,39,156,9
201806,Junio de 2018,12,Galicia,27,Lugo,27022,Guitiriz,213,2,22,72,1,59,57,13,10,36,147,7
201807,Julio de 2018,12,Galicia,27,Lugo,27022,Guitiriz,211,5,23,70,1,59,53,11,9,34,149,8
201808,Agosto de 2018,12,Galicia,27,Lugo,27022,Guitiriz,214,5,26,70,0,58,55,13,9,34,148,10
201809,Septiembre de 2018,12,Galicia,27,Lugo,27022,Guitiriz,217,3,26,68,0,65,55,16,7,32,154,8
201810,Octubre de 2018,12,Galicia,27,Lugo,27022,Guitiriz,206,3,22,66,1,59,55,9,9,32,148,8
201811,Noviembre de 2018,12,Galicia,27,Lugo,27022,Guitiriz,220,4,29,64,1,63,59,25,6,31,147,11
201812,Diciembre de 2018,12,Galicia,27,Lugo,27022,Guitiriz,211,5,27,66,2,51,60,26,5,30,138,12
201801,Enero de 2018,12,Galicia,27,Lugo,27024,"Incio, O",65,1,13,22,1,10,18,4,4,11,39,7
201802,Febrero de 2018,12,Galicia,27,Lugo,27024,"Incio, O",68,2,14,22,1,10,19,4,4,12,40,8
201803,Marzo de 2018,12,Galicia,27,Lugo,27024,"Incio, O",65,2,10,24,1,10,18,4,4,11,38,8
201804,Abril de 2018,12,Galicia,27,Lugo,27024,"Incio, O",60,2,8,21,1,11,17,4,4,11,33,8
201805,Mayo de 2018,12,Galicia,27,Lugo,27024,"Incio, O",58,1,11,20,1,9,16,5,4,10,34,5
201806,Junio de 2018,12,Galicia,27,Lugo,27024,"Incio, O",61,1,9,22,1,12,16,10,4,7,36,4
201807,Julio de 2018,12,Galicia,27,Lugo,27024,"Incio, O",55,0,10,19,1,11,14,8,4,6,33,4
201808,Agosto de 2018,12,Galicia,27,Lugo,27024,"Incio, O",53,0,8,18,1,13,13,6,4,5,32,6
201809,Septiembre de 2018,12,Galicia,27,Lugo,27024,"Incio, O",61,1,13,18,1,13,15,6,3,8,38,6
201810,Octubre de 2018,12,Galicia,27,Lugo,27024,"Incio, O",64,3,13,17,3,14,14,7,4,7,38,8
201811,Noviembre de 2018,12,Galicia,27,Lugo,27024,"Incio, O",66,4,11,20,3,14,14,7,6,7,39,7
201812,Diciembre de 2018,12,Galicia,27,Lugo,27024,"Incio, O",65,4,12,18,3,12,16,7,6,8,36,8
201801,Enero de 2018,12,Galicia,27,Lugo,27026,Láncara,138,3,30,39,2,26,38,16,12,14,88,8
201802,Febrero de 2018,12,Galicia,27,Lugo,27026,Láncara,133,5,30,36,1,27,34,16,12,15,80,10
201803,Marzo de 2018,12,Galicia,27,Lugo,27026,Láncara,128,4,25,38,1,27,33,14,13,12,80,9
201804,Abril de 2018,12,Galicia,27,Lugo,27026,Láncara,120,3,21,41,2,22,31,14,13,13,72,8
201805,Mayo de 2018,12,Galicia,27,Lugo,27026,Láncara,121,2,23,39,1,23,33,14,12,12,74,9
201806,Junio de 2018,12,Galicia,27,Lugo,27026,Láncara,115,2,23,37,2,16,35,14,11,12,71,7
201807,Julio de 2018,12,Galicia,27,Lugo,27026,Láncara,107,0,19,34,2,18,34,11,12,12,66,6
201808,Agosto de 2018,12,Galicia,27,Lugo,27026,Láncara,106,1,19,35,0,18,33,11,13,11,64,7
201809,Septiembre de 2018,12,Galicia,27,Lugo,27026,Láncara,113,2,19,37,1,18,36,12,12,11,71,7
201810,Octubre de 2018,12,Galicia,27,Lugo,27026,Láncara,125,3,28,37,1,18,38,10,12,10,86,7
201811,Noviembre de 2018,12,Galicia,27,Lugo,27026,Láncara,131,6,32,38,3,16,36,14,13,12,86,6
201812,Diciembre de 2018,12,Galicia,27,Lugo,27026,Láncara,120,3,27,37,2,17,34,13,13,12,76,6
201801,Enero de 2018,12,Galicia,27,Lugo,27042,Paradela,55,2,8,21,0,12,12,5,8,9,31,2
201802,Febrero de 2018,12,Galicia,27,Lugo,27042,Paradela,58,2,7,21,2,14,12,4,7,9,36,2
201803,Marzo de 2018,12,Galicia,27,Lugo,27042,Paradela,55,1,7,20,0,15,12,4,7,9,33,2
201804,Abril de 2018,12,Galicia,27,Lugo,27042,Paradela,52,0,6,20,0,14,12,4,7,9,30,2
201805,Mayo de 2018,12,Galicia,27,Lugo,27042,Paradela,48,0,5,20,0,12,11,4,7,8,27,2
201806,Junio de 2018,12,Galicia,27,Lugo,27042,Paradela,48,0,4,19,0,14,11,3,6,8,29,2
201807,Julio de 2018,12,Galicia,27,Lugo,27042,Paradela,43,0,2,18,0,12,11,3,6,8,24,2
201808,Agosto de 2018,12,Galicia,27,Lugo,27042,Paradela,44,0,2,18,1,12,11,3,6,8,24,3
201809,Septiembre de 2018,12,Galicia,27,Lugo,27042,Paradela,52,0,7,20,1,13,11,4,6,8,31,3
201810,Octubre de 2018,12,Galicia,27,Lugo,27042,Paradela,45,0,7,16,0,12,10,3,6,8,25,3
201811,Noviembre de 2018,12,Galicia,27,Lugo,27042,Paradela,48,0,7,17,2,13,9,2,6,6,31,3
201812,Diciembre de 2018,12,Galicia,27,Lugo,27042,Paradela,50,0,8,17,3,13,9,2,7,6,32,3
201801,Enero de 2018,12,Galicia,27,Lugo,27054,Riotorto,31,0,5,10,0,7,9,1,7,6,17,0
201802,Febrero de 2018,12,Galicia,27,Lugo,27054,Riotorto,28,0,4,8,0,8,8,1,6,5,16,0
201803,Marzo de 2018,12,Galicia,27,Lugo,27054,Riotorto,30,0,6,9,0,8,7,1,6,5,18,0
201804,Abril de 2018,12,Galicia,27,Lugo,27054,Riotorto,23,0,4,6,0,7,6,1,7,5,10,0
201805,Mayo de 2018,12,Galicia,27,Lugo,27054,Riotorto,24,1,5,6,0,6,6,1,8,3,12,0
201806,Junio de 2018,12,Galicia,27,Lugo,27054,Riotorto,23,0,4,5,0,6,8,1,7,3,12,0
201807,Julio de 2018,12,Galicia,27,Lugo,27054,Riotorto,22,0,1,8,0,6,7,0,5,3,14,0
201808,Agosto de 2018,12,Galicia,27,Lugo,27054,Riotorto,24,0,1,8,1,6,8,0,5,2,17,0
201809,Septiembre de 2018,12,Galicia,27,Lugo,27054,Riotorto,28,1,5,7,0,7,8,1,5,2,20,0
201810,Octubre de 2018,12,Galicia,27,Lugo,27054,Riotorto,29,2,5,7,1,5,9,0,4,2,23,0
201811,Noviembre de 2018,12,Galicia,27,Lugo,27054,Riotorto,33,2,6,7,2,7,9,0,3,3,27,0
201812,Diciembre de 2018,12,Galicia,27,Lugo,27054,Riotorto,29,1,5,6,2,7,8,1,4,3,21,0
201801,Enero de 2018,12,Galicia,27,Lugo,27005,Barreiros,142,1,27,31,2,40,41,7,11,13,107,4
201802,Febrero de 2018,12,Galicia,27,Lugo,27005,Barreiros,145,1,29,32,2,41,40,8,11,14,108,4
201803,Marzo de 2018,12,Galicia,27,Lugo,27005,Barreiros,134,1,28,29,4,34,38,7,13,13,96,5
201804,Abril de 2018,12,Galicia,27,Lugo,27005,Barreiros,143,0,30,30,5,40,38,7,11,12,110,3
201805,Mayo de 2018,12,Galicia,27,Lugo,27005,Barreiros,132,0,28,26,3,41,34,4,13,11,101,3
201806,Junio de 2018,12,Galicia,27,Lugo,27005,Barreiros,125,2,33,20,2,34,34,5,13,13,90,4
201807,Julio de 2018,12,Galicia,27,Lugo,27005,Barreiros,103,1,24,15,0,31,32,3,13,11,74,2
201808,Agosto de 2018,12,Galicia,27,Lugo,27005,Barreiros,105,1,24,16,2,31,31,3,11,9,80,2
201809,Septiembre de 2018,12,Galicia,27,Lugo,27005,Barreiros,137,3,32,22,2,46,32,3,10,9,112,3
201810,Octubre de 2018,12,Galicia,27,Lugo,27005,Barreiros,151,4,31,31,2,45,38,4,9,11,123,4
201811,Noviembre de 2018,12,Galicia,27,Lugo,27005,Barreiros,148,3,30,33,1,43,38,5,8,11,120,4
201812,Diciembre de 2018,12,Galicia,27,Lugo,27005,Barreiros,145,1,26,33,2,43,40,4,9,11,118,3
201801,Enero de 2018,12,Galicia,27,Lugo,27006,Becerreá,143,3,26,42,5,36,31,19,8,22,87,7
201802,Febrero de 2018,12,Galicia,27,Lugo,27006,Becerreá,137,4,22,38,7,34,32,15,8,21,87,6
201803,Marzo de 2018,12,Galicia,27,Lugo,27006,Becerreá,138,3,26,39,5,34,31,15,11,21,85,6
201804,Abril de 2018,12,Galicia,27,Lugo,27006,Becerreá,142,2,23,38,4,40,35,14,9,19,95,5
201805,Mayo de 2018,12,Galicia,27,Lugo,27006,Becerreá,127,1,15,36,3,38,34,13,8,18,82,6
201806,Junio de 2018,12,Galicia,27,Lugo,27006,Becerreá,122,2,17,38,2,31,32,11,5,18,84,4
201807,Julio de 2018,12,Galicia,27,Lugo,27006,Becerreá,108,1,14,38,1,27,27,11,4,19,71,3
201808,Agosto de 2018,12,Galicia,27,Lugo,27006,Becerreá,106,1,11,37,2,25,30,8,4,19,73,2
201809,Septiembre de 2018,12,Galicia,27,Lugo,27006,Becerreá,114,2,14,35,3,27,33,7,3,20,80,4
201810,Octubre de 2018,12,Galicia,27,Lugo,27006,Becerreá,117,1,18,31,4,26,37,10,4,19,78,6
201811,Noviembre de 2018,12,Galicia,27,Lugo,27006,Becerreá,127,0,23,31,5,33,35,8,5,19,89,6
201812,Diciembre de 2018,12,Galicia,27,Lugo,27006,Becerreá,126,2,26,32,5,32,29,10,7,19,84,6
201801,Enero de 2018,12,Galicia,27,Lugo,27012,Cervantes,63,2,5,33,3,7,13,13,3,7,38,2
201802,Febrero de 2018,12,Galicia,27,Lugo,27012,Cervantes,67,3,6,34,3,8,13,14,3,7,41,2
201803,Marzo de 2018,12,Galicia,27,Lugo,27012,Cervantes,65,3,8,33,1,7,13,14,3,8,39,1
201804,Abril de 2018,12,Galicia,27,Lugo,27012,Cervantes,68,3,11,31,2,7,14,16,3,8,39,2
201805,Mayo de 2018,12,Galicia,27,Lugo,27012,Cervantes,64,3,9,31,2,7,12,16,3,8,35,2
201806,Junio de 2018,12,Galicia,27,Lugo,27012,Cervantes,57,3,4,31,1,6,12,14,3,6,32,2
201807,Julio de 2018,12,Galicia,27,Lugo,27012,Cervantes,45,2,5,22,1,3,12,6,4,6,27,2
201808,Agosto de 2018,12,Galicia,27,Lugo,27012,Cervantes,40,0,4,20,1,3,12,4,3,6,26,1
201809,Septiembre de 2018,12,Galicia,27,Lugo,27012,Cervantes,41,0,4,22,1,2,12,5,2,5,28,1
201810,Octubre de 2018,12,Galicia,27,Lugo,27012,Cervantes,54,2,11,27,1,2,11,8,3,8,34,1
201811,Noviembre de 2018,12,Galicia,27,Lugo,27012,Cervantes,58,3,14,28,1,3,9,7,3,8,39,1
201812,Diciembre de 2018,12,Galicia,27,Lugo,27012,Cervantes,55,1,14,28,1,3,8,7,3,9,35,1
201801,Enero de 2018,12,Galicia,27,Lugo,27027,Lourenzá,88,2,18,20,2,25,21,9,14,5,56,4
201802,Febrero de 2018,12,Galicia,27,Lugo,27027,Lourenzá,86,0,15,20,3,28,20,7,13,5,57,4
201803,Marzo de 2018,12,Galicia,27,Lugo,27027,Lourenzá,86,0,16,20,2,28,20,10,15,5,52,4
201804,Abril de 2018,12,Galicia,27,Lugo,27027,Lourenzá,74,1,13,18,2,22,18,7,12,6,44,5
201805,Mayo de 2018,12,Galicia,27,Lugo,27027,Lourenzá,82,1,16,18,1,26,20,7,13,6,52,4
201806,Junio de 2018,12,Galicia,27,Lugo,27027,Lourenzá,70,1,17,14,1,20,17,5,10,5,46,4
201807,Julio de 2018,12,Galicia,27,Lugo,27027,Lourenzá,64,1,12,12,1,22,16,7,8,7,37,5
201808,Agosto de 2018,12,Galicia,27,Lugo,27027,Lourenzá,73,1,15,12,1,25,19,5,12,6,45,5
201809,Septiembre de 2018,12,Galicia,27,Lugo,27027,Lourenzá,84,1,18,15,3,27,20,7,12,6,54,5
201810,Octubre de 2018,12,Galicia,27,Lugo,27027,Lourenzá,79,0,16,13,4,26,20,3,13,4,55,4
201811,Noviembre de 2018,12,Galicia,27,Lugo,27027,Lourenzá,78,0,17,13,3,26,19,3,14,5,52,4
201812,Diciembre de 2018,12,Galicia,27,Lugo,27027,Lourenzá,81,0,21,12,3,24,21,5,16,5,51,4
201801,Enero de 2018,12,Galicia,27,Lugo,27064,"Vicedo, O",84,3,15,14,0,30,22,2,6,5,67,4
201802,Febrero de 2018,12,Galicia,27,Lugo,27064,"Vicedo, O",84,3,15,14,0,30,22,1,6,7,66,4
201803,Marzo de 2018,12,Galicia,27,Lugo,27064,"Vicedo, O",78,2,13,17,0,30,16,1,7,6,62,2
201804,Abril de 2018,12,Galicia,27,Lugo,27064,"Vicedo, O",81,2,13,16,0,30,20,1,7,7,64,2
201805,Mayo de 2018,12,Galicia,27,Lugo,27064,"Vicedo, O",75,1,11,16,0,28,19,2,5,5,61,2
201806,Junio de 2018,12,Galicia,27,Lugo,27064,"Vicedo, O",64,1,6,17,0,25,15,2,4,5,51,2
201807,Julio de 2018,12,Galicia,27,Lugo,27064,"Vicedo, O",63,1,8,16,0,23,15,2,4,4,51,2
201808,Agosto de 2018,12,Galicia,27,Lugo,27064,"Vicedo, O",59,0,8,16,0,21,14,2,3,4,48,2